IP_Member,Name_Pool ,Name_Monitor,Name_Virture,Destination,Protocol,Profiles
10.8.9.87:50007,Pool-GXP-XL,tcp,VS_GXP-XL-50007,10.8.9.80:50007,tcp,fastL4
10.8.9.88:50007,Pool-GXP-XL,tcp,VS_GXP-XL-50007,10.8.9.80:50007,tcp,fastL4
10.8.9.54:50001,Pool_CNAPP,TCP_CNAPP,VS_CNAPP,10.8.9.64:50001,tcp,fastL4
10.8.9.55:50001,Pool_CNAPP,TCP_CNAPP,VS_CNAPP,10.8.9.64:50001,tcp,fastL4
10.8.9.56:glrpc,Pool_CNWAS,HTTP_CNWAS,VS_CNWAS,10.8.9.65:glrpc,tcp,fastL4
10.8.9.57:glrpc,Pool_CNWAS,HTTP_CNWAS,VS_CNWAS,10.8.9.65:glrpc,tcp,fastL4
10.8.5.49:20086,Pool_Cardfr,Cardfrsd,VS_Cardfr,10.8.5.48:20086,tcp,
10.8.5.50:20086,Pool_Cardfr,Cardfrsd,VS_Cardfr,10.8.5.48:20086,tcp,
10.8.10.37:sip,Pool_FaxServer_5060,tcp,VS_FaxServer_5060,10.8.10.50:sip,tcp,
10.8.10.38:sip,Pool_FaxServer_5060,tcp,VS_FaxServer_5060,10.8.10.50:sip,tcp,
10.8.10.37:sip-tls,Pool_FaxServer_5061,tcp,VS_FaxServer_5061,10.8.10.50:sip-tls,tcp,
10.8.10.38:sip-tls,Pool_FaxServer_5061,tcp,VS_FaxServer_5061,10.8.10.50:sip-tls,tcp,
10.8.10.37:http,Pool_FaxServer_80,tcp,VS_FaxServer_80,10.8.10.50:http,tcp,
10.8.10.38:http,Pool_FaxServer_80,tcp,VS_FaxServer_80,10.8.10.50:http,tcp,
10.8.10.37:8192,Pool_FaxServer_8192,tcp,VS_FaxServer_8192,10.8.10.50:8192,tcp,
10.8.10.38:8192,Pool_FaxServer_8192,tcp,VS_FaxServer_8192,10.8.10.50:8192,tcp,
10.8.9.87:50058,Pool_GXP_50058,agent_mon_tcp_10000,VS_GXP_50058,10.8.9.80:50058,tcp,
10.8.9.88:50058,Pool_GXP_50058,agent_mon_tcp_10000,VS_GXP_50058,10.8.9.80:50058,tcp,
11.8.10.32:glrpc,Pool_NCQS_9080,tcp,VS_NCQS_9080,11.8.10.34:glrpc,tcp,fasthttp
11.8.10.33:glrpc,Pool_NCQS_9080,tcp,VS_NCQS_9080,11.8.10.34:glrpc,tcp,fasthttp
10.8.10.28:glrpc,Pool_RSSever_9080,tcp,VS_RSSever_9080,10.8.10.35:glrpc,tcp,fasthttp
10.8.10.29:glrpc,Pool_RSSever_9080,tcp,VS_RSSever_9080,10.8.10.35:glrpc,tcp,fasthttp
9.234.56.11:http,Pool_YinLian_weixin_80,http_10s,VS_YinLian_zweixin_80,10.8.9.158:http,tcp,
9.234.156.11:http,Pool_YinLian_weixin_80,http_10s,VS_YinLian_zweixin_80,10.8.9.158:http,tcp,
9.234.55.11:http,Pool_YinLian_zhifubao_80,http_10s,VS_YinLian_zhifubao_8080,10.8.9.158:webcache,tcp,
9.234.155.11:http,Pool_YinLian_zhifubao_80,http_10s,VS_YinLian_zhifubao_8080,10.8.9.158:webcache,tcp,
10.8.5.55:48006,Pool_cardHx_48006,cardHX,vs_cardHx_48006,10.8.5.57:48006,tcp,
10.8.5.56:48006,Pool_cardHx_48006,cardHX,vs_cardHx_48006,10.8.5.57:48006,tcp,
11.8.10.23:glrpc,Pool_crqapp,tcp,VS_crqapp,11.8.10.25:glrpc,tcp,fasthttp
11.8.10.24:glrpc,Pool_crqapp,tcp,VS_crqapp,11.8.10.25:glrpc,tcp,fasthttp
11.8.10.23:19080,Pool_crqapp_19080,tcp,VS_crqapp_19080,11.8.10.25:19080,tcp,fasthttp
11.8.10.24:19080,Pool_crqapp_19080,tcp,VS_crqapp_19080,11.8.10.25:19080,tcp,fasthttp
10.8.9.114:13868,Pool_cxgzapp_13868,tcp,VS_cxgzapp_13868,10.8.9.116:13868,tcp,
10.8.9.115:13868,Pool_cxgzapp_13868,tcp,VS_cxgzapp_13868,10.8.9.116:13868,tcp,
10.8.10.72:webcache,Pool_dxtApp,tcp,Vs_dxtApp,10.8.10.75:webcache,tcp,fastL4
10.8.10.73:webcache,Pool_dxtApp,tcp,Vs_dxtApp,10.8.10.75:webcache,tcp,fastL4
10.8.9.97:irdmi,Pool_dxzp_8000,tcp,VS_dxzp_8000,10.8.9.99:irdmi,tcp,fastL4
10.8.9.98:irdmi,Pool_dxzp_8000,tcp,VS_dxzp_8000,10.8.9.99:irdmi,tcp,fastL4
10.8.9.97:vcom-tunnel,Pool_dxzp_8001,tcp,VS_dxzp_8001,10.8.9.99:vcom-tunnel,tcp,fastL4
10.8.9.98:vcom-tunnel,Pool_dxzp_8001,tcp,VS_dxzp_8001,10.8.9.99:vcom-tunnel,tcp,fastL4
10.8.9.97:webcache,Pool_dxzp_8080,tcp,VS_dxzp_8080,10.8.9.99:webcache,tcp,fastL4
10.8.9.98:webcache,Pool_dxzp_8080,tcp,VS_dxzp_8080,10.8.9.99:webcache,tcp,fastL4
10.8.5.63:12363,Pool_essc5_12363,essc5-mon-20180912,VS_ESSC5_12363,10.8.5.68:12363,tcp,fastL4
10.8.5.64:12363,Pool_essc5_12363,essc5-mon-20180912,VS_ESSC5_12363,10.8.5.68:12363,tcp,fastL4
10.8.9.133:glrpc,Pool_fagentapp_9080,tcp,VS_fagentapp_9080,10.8.9.135:glrpc,tcp,
10.8.9.134:glrpc,Pool_fagentapp_9080,tcp,VS_fagentapp_9080,10.8.9.135:glrpc,tcp,
10.8.9.72:glrpc,Pool_rgsApp,tcp,VS_RgsApp,10.8.9.71:glrpc,tcp,
10.8.9.73:glrpc,Pool_rgsApp,tcp,VS_RgsApp,10.8.9.71:glrpc,tcp,
10.8.9.72:10443,Pool_rgsApp_10443,tcp,VS_RgsApp_10443,10.8.9.71:10443,tcp,
10.8.9.73:10443,Pool_rgsApp_10443,tcp,VS_RgsApp_10443,10.8.9.71:10443,tcp,
10.8.9.72:15001,Pool_rgsApp_15001,tcp,VS_RgsApp_15001,10.8.9.71:15001,tcp,
10.8.9.73:15001,Pool_rgsApp_15001,tcp,VS_RgsApp_15001,10.8.9.71:15001,tcp,
10.8.9.72:16001,Pool_rgsApp_16001,tcp,VS_RgsApp_16001,10.8.9.71:16001,tcp,
10.8.9.73:16001,Pool_rgsApp_16001,tcp,VS_RgsApp_16001,10.8.9.71:16001,tcp,
10.8.9.72:17001,Pool_rgsApp_17001-L,tcp,VS_RgsApp_17001,10.8.9.71:17001,tcp,tcp-nevertimeout
10.8.9.73:17001,Pool_rgsApp_17001-L,tcp,VS_RgsApp_17001,10.8.9.71:17001,tcp,tcp-nevertimeout
10.8.9.72:ftp,Pool_rgsApp_21,tcp,VS_RgsApp_21,10.8.9.71:ftp,tcp,
10.8.9.73:ftp,Pool_rgsApp_21,tcp,VS_RgsApp_21,10.8.9.71:ftp,tcp,
10.8.9.72:9081,Pool_rgsApp_9081,tcp,VS_RgsApp_9081,10.8.9.71:9081,tcp,
10.8.9.73:9081,Pool_rgsApp_9081,tcp,VS_RgsApp_9081,10.8.9.71:9081,tcp,
10.8.9.72:9082,Pool_rgsApp_9082,tcp,VS_RgsApp_9082,10.8.9.71:9082,tcp,
10.8.9.73:9082,Pool_rgsApp_9082,tcp,VS_RgsApp_9082,10.8.9.71:9082,tcp,
10.8.9.72:9443,Pool_rgsApp_9443,tcp,VS_RgsApp_9443,10.8.9.71:9443,tcp,
10.8.9.73:9443,Pool_rgsApp_9443,tcp,VS_RgsApp_9443,10.8.9.71:9443,tcp,
10.8.9.72:9444,Pool_rgsApp_9444,tcp,VS_RgsApp_9444,10.8.9.71:9444,tcp,
10.8.9.73:9444,Pool_rgsApp_9444,tcp,VS_RgsApp_9444,10.8.9.71:9444,tcp,
10.8.9.72:9445,Pool_rgsApp_9445,tcp,VS_RgsApp_9445,10.8.9.71:9445,tcp,
10.8.9.73:9445,Pool_rgsApp_9445,tcp,VS_RgsApp_9445,10.8.9.71:9445,tcp,
10.8.5.45:21003,Pool_tsmp_21003,tcp,VS_tsmp_21003,10.8.5.97:21003,tcp,
10.8.5.96:21003,Pool_tsmp_21003,tcp,VS_tsmp_21003,10.8.5.97:21003,tcp,
10.8.5.45:21004,Pool_tsmp_21004,tcp,VS_tsmp_21004,10.8.5.97:21004,tcp,
10.8.5.96:21004,Pool_tsmp_21004,tcp,VS_tsmp_21004,10.8.5.97:21004,tcp,
10.8.5.45:21005,Pool_tsmp_21005,tcp,VS_tsmp_21005,10.8.5.97:21005,tcp,
10.8.5.96:21005,Pool_tsmp_21005,tcp,VS_tsmp_21005,10.8.5.97:21005,tcp,
10.8.5.45:21006,Pool_tsmp_21006,tcp,VS_tsmp_21006,10.8.5.97:21006,tcp,
10.8.5.96:21006,Pool_tsmp_21006,tcp,VS_tsmp_21006,10.8.5.97:21006,tcp,
10.8.5.45:21009,Pool_tsmp_21009,tcp,VS_tsmp_21009,10.8.5.97:21009,tcp,
10.8.5.96:21009,Pool_tsmp_21009,tcp,VS_tsmp_21009,10.8.5.97:21009,tcp,
10.8.5.45:21011,Pool_tsmp_21011,tcp,VS_tsmp_21011,10.8.5.97:21011,tcp,
10.8.5.96:21011,Pool_tsmp_21011,tcp,VS_tsmp_21011,10.8.5.97:21011,tcp,
10.8.5.45:21012,Pool_tsmp_21012,tcp,VS_tsmp_21012,10.8.5.97:21012,tcp,
10.8.5.96:21012,Pool_tsmp_21012,tcp,VS_tsmp_21012,10.8.5.97:21012,tcp,
10.8.5.45:optocontrol,Pool_tsmp_22001,tcp,VS_tsmp_22001,10.8.5.97:optocontrol,tcp,
10.8.5.96:optocontrol,Pool_tsmp_22001,tcp,VS_tsmp_22001,10.8.5.97:optocontrol,tcp,
10.8.5.71:50001,Pool_wkzh_svs_50001,tcp,VS_wkzh_svs_50001,10.8.5.73:50001,tcp,
10.8.5.72:50001,Pool_wkzh_svs_50001,tcp,VS_wkzh_svs_50001,10.8.5.73:50001,tcp,
10.8.5.71:50000,Pool_wl_svs_50000,tcp,VS_wl_svs_50000,10.8.5.73:50000,tcp,
10.8.5.72:50000,Pool_wl_svs_50000,tcp,VS_wl_svs_50000,10.8.5.73:50000,tcp,
10.8.9.128:8887,Pool_wld_8887,tcp,VS_Wld_8887,10.8.9.130:8887,tcp,
10.8.9.129:8887,Pool_wld_8887,tcp,VS_Wld_8887,10.8.9.130:8887,tcp,
10.8.9.101:6003,Pool_wyhl_6003,wyhl,VS_wyhl_6003,10.8.9.100:6003,tcp,fastL4
10.8.9.102:6003,Pool_wyhl_6003,wyhl,VS_wyhl_6003,10.8.9.100:6003,tcp,fastL4
10.8.9.110:50007,Pool_xasj-app_50007,tcp,VS_xasj_app_50007,10.8.9.109:50007,tcp,
10.8.9.111:50007,Pool_xasj-app_50007,tcp,VS_xasj_app_50007,10.8.9.109:50007,tcp,
10.8.9.193:50007,Pool_xasj-app_50007,tcp,VS_xasj_app_50007,10.8.9.109:50007,tcp,
10.8.9.110:50008,Pool_xasj-app_50008,tcp,VS_xasj_app_50008,10.8.9.109:50008,tcp,
10.8.9.111:50008,Pool_xasj-app_50008,tcp,VS_xasj_app_50008,10.8.9.109:50008,tcp,
10.8.9.193:50008,Pool_xasj-app_50008,tcp,VS_xasj_app_50008,10.8.9.109:50008,tcp,
10.8.9.110:50009,Pool_xasj-app_50009,tcp,VS_xasj_app_50009,10.8.9.109:50009,tcp,
10.8.9.111:50009,Pool_xasj-app_50009,tcp,VS_xasj_app_50009,10.8.9.109:50009,tcp,
10.8.9.193:50009,Pool_xasj-app_50009,tcp,VS_xasj_app_50009,10.8.9.109:50009,tcp,
10.8.9.92:glrpc,Pool_xdcz_9080,tcp,VS_xdcz_9080,10.8.9.94:glrpc,tcp,forwarding
10.8.9.93:glrpc,Pool_xdcz_9080,tcp,VS_xdcz_9080,10.8.9.94:glrpc,tcp,forwarding
10.8.5.87:quest-vista,Pool_xykpf_7980,tcp,VS_xykpf_7980,10.8.5.95:quest-vista,tcp,
10.8.5.88:quest-vista,Pool_xykpf_7980,tcp,VS_xykpf_7980,10.8.5.95:quest-vista,tcp,
10.8.5.89:quest-vista,Pool_xykpf_7980,tcp,VS_xykpf_7980,10.8.5.95:quest-vista,tcp,
10.8.5.90:glrpc,Pool_xykpf_9080,tcp,VS_xykpf_9080,10.8.5.95:glrpc,tcp,
10.8.5.91:glrpc,Pool_xykpf_9080,tcp,VS_xykpf_9080,10.8.5.95:glrpc,tcp,
10.8.5.80:glrpc,Pool_xykzdhsp_9099,tcp,VS_xykzdhsp_9080,10.8.5.82:glrpc,tcp,fasthttp-X-Forwarded
10.8.5.80:glrpc,Pool_xykzdhsp_9099,tcp,VS_xykzdhsp_9099,10.8.5.82:9099,tcp,fasthttp
10.8.5.81:glrpc,Pool_xykzdhsp_9099,tcp,VS_xykzdhsp_9080,10.8.5.82:glrpc,tcp,fasthttp-X-Forwarded
10.8.5.81:glrpc,Pool_xykzdhsp_9099,tcp,VS_xykzdhsp_9099,10.8.5.82:9099,tcp,fasthttp
10.8.5.77:ndmp,Pool_zfgxp_out_10000,tcp,VS_zfgxp_out_10000,10.8.5.79:ndmp,tcp,
10.8.5.78:ndmp,Pool_zfgxp_out_10000,tcp,VS_zfgxp_out_10000,10.8.5.79:ndmp,tcp,
10.8.5.77:ssh,Pool_zfgxp_out_22,tcp,VS_zfgxp_out_22,10.8.5.79:ssh,tcp,
10.8.5.78:ssh,Pool_zfgxp_out_22,tcp,VS_zfgxp_out_22,10.8.5.79:ssh,tcp,
10.8.5.77:50028,Pool_zfgxp_out_50028,tcp,VS_zfgxp_out_50028,10.8.5.79:50028,tcp,
10.8.5.78:50028,Pool_zfgxp_out_50028,tcp,VS_zfgxp_out_50028,10.8.5.79:50028,tcp,
10.8.5.77:50029,Pool_zfgxp_out_50029,tcp,VS_zfgxp_out_50029,10.8.5.79:50029,tcp,
10.8.5.78:50029,Pool_zfgxp_out_50029,tcp,VS_zfgxp_out_50029,10.8.5.79:50029,tcp,
10.8.5.77:60015,Pool_zfgxp_out_60015,tcp,VS_zfgxp_out_60015,10.8.5.79:60015,tcp,
10.8.5.78:60015,Pool_zfgxp_out_60015,tcp,VS_zfgxp_out_60015,10.8.5.79:60015,tcp,
10.8.5.77:60016,Pool_zfgxp_out_60016,tcp,VS_zfgxp_out_60016,10.8.5.79:60016,tcp,
10.8.5.78:60016,Pool_zfgxp_out_60016,tcp,VS_zfgxp_out_60016,10.8.5.79:60016,tcp,
10.8.5.77:60017,Pool_zfgxp_out_60017,tcp,VS_zfgxp_out_60017,10.8.5.79:60017,tcp,
10.8.5.78:60017,Pool_zfgxp_out_60017,tcp,VS_zfgxp_out_60017,10.8.5.79:60017,tcp,
10.8.5.77:60029,Pool_zfgxp_out_60029,tcp,VS_zfgxp_out_60029,10.8.5.79:60029,tcp,
10.8.5.78:60029,Pool_zfgxp_out_60029,tcp,VS_zfgxp_out_60029,10.8.5.79:60029,tcp,
10.8.5.77:ftp,Pool_zfgxp_out_FTP,tcp,VS_zfgxp_out_FTP,10.8.5.79:ftp,tcp,
10.8.5.78:ftp,Pool_zfgxp_out_FTP,tcp,VS_zfgxp_out_FTP,10.8.5.79:ftp,tcp,
10.8.9.78:50097,Pool_zxgxp_50097,tcp,VS_zxgxp_50097,10.8.9.80:50097,tcp,
10.8.9.79:50097,Pool_zxgxp_50097,tcp,VS_zxgxp_50097,10.8.9.80:50097,tcp,
10.8.9.78:50000,pool_AGENT_GXP_ZX,tcp,VS_AGENT_GXP_ZX,10.8.9.80:50000,tcp,
10.8.9.79:50000,pool_AGENT_GXP_ZX,tcp,VS_AGENT_GXP_ZX,10.8.9.80:50000,tcp,
10.8.9.78:60000,pool_AGENT_GXP_ZX2,tcp,VS_AGENT_GXP_ZX_2,10.8.9.80:60000,tcp,
10.8.9.79:60000,pool_AGENT_GXP_ZX2,tcp,VS_AGENT_GXP_ZX_2,10.8.9.80:60000,tcp,
10.8.9.78:50076,pool_AGENT_GXP_ZX_50076,tcp,VS_GXP_50076,10.8.9.80:50076,tcp,
10.8.9.79:50076,pool_AGENT_GXP_ZX_50076,tcp,VS_GXP_50076,10.8.9.80:50076,tcp,
10.8.9.78:50008,pool_GACX_50008,tcp,VS_GACX_50008,10.8.9.80:50008,tcp,
10.8.9.79:50008,pool_GACX_50008,tcp,VS_GACX_50008,10.8.9.80:50008,tcp,
10.8.9.78:any,pool_GXP,gateway_icmp,VS_GXP,10.8.9.80:any,tcp,
10.8.9.79:any,pool_GXP,gateway_icmp,VS_GXP,10.8.9.80:any,tcp,
10.8.9.78:10032,pool_GXP_10032,agent_mon_tcp_10000,VS_GXP_10032,10.8.9.80:10032,tcp,
10.8.9.79:10032,pool_GXP_10032,agent_mon_tcp_10000,VS_GXP_10032,10.8.9.80:10032,tcp,
10.8.9.78:50001,pool_GXP_50001,tcp,VS_GXP_50001,10.8.9.80:50001,tcp,
10.8.9.79:50001,pool_GXP_50001,tcp,VS_GXP_50001,10.8.9.80:50001,tcp,
10.8.9.78:50002,pool_GXP_50002,tcp,VS_GXP_50002,10.8.9.80:50002,tcp,
10.8.9.79:50002,pool_GXP_50002,tcp,VS_GXP_50002,10.8.9.80:50002,tcp,
10.8.9.78:50003,pool_GXP_50003,tcp,VS_GXP_50003,10.8.9.80:50003,tcp,
10.8.9.79:50003,pool_GXP_50003,tcp,VS_GXP_50003,10.8.9.80:50003,tcp,
10.8.9.78:50004,pool_GXP_50004,tcp,VS_GXP_50004,10.8.9.80:50004,tcp,
10.8.9.79:50004,pool_GXP_50004,tcp,VS_GXP_50004,10.8.9.80:50004,tcp,
10.8.9.78:50005,pool_GXP_50005,tcp,VS_GXP_50005,10.8.9.80:50005,tcp,
10.8.9.79:50005,pool_GXP_50005,tcp,VS_GXP_50005,10.8.9.80:50005,tcp,
10.8.9.78:50006,pool_GXP_50006,tcp,VS_GXP_50006,10.8.9.80:50006,tcp,
10.8.9.79:50006,pool_GXP_50006,tcp,VS_GXP_50006,10.8.9.80:50006,tcp,
10.8.9.78:50009,pool_GXP_50009,tcp,VS_GXP_50009,10.8.9.80:50009,tcp,
10.8.9.79:50009,pool_GXP_50009,tcp,VS_GXP_50009,10.8.9.80:50009,tcp,
10.8.9.78:50010,pool_GXP_50010,tcp,VS_GXP_50010,10.8.9.80:50010,tcp,
10.8.9.79:50010,pool_GXP_50010,tcp,VS_GXP_50010,10.8.9.80:50010,tcp,
10.8.9.78:50011,pool_GXP_50011,agent_mon_tcp_10000,VS_GXP_50011,10.8.9.80:50011,tcp,
10.8.9.79:50011,pool_GXP_50011,agent_mon_tcp_10000,VS_GXP_50011,10.8.9.80:50011,tcp,
10.8.9.78:50021,pool_GXP_50021,agent_mon_tcp_10000,VS_GXP_50021,10.8.9.80:50021,tcp,
10.8.9.79:50021,pool_GXP_50021,agent_mon_tcp_10000,VS_GXP_50021,10.8.9.80:50021,tcp,
10.8.9.78:50022,pool_GXP_50022,agent_mon_tcp_10000,VS_GXP_50022,10.8.9.80:50022,tcp,
10.8.9.79:50022,pool_GXP_50022,agent_mon_tcp_10000,VS_GXP_50022,10.8.9.80:50022,tcp,
10.8.9.78:50023,pool_GXP_50023,agent_mon_tcp_10000,VS_GXP_50023,10.8.9.80:50023,tcp,
10.8.9.79:50023,pool_GXP_50023,agent_mon_tcp_10000,VS_GXP_50023,10.8.9.80:50023,tcp,
10.8.9.78:50026,pool_GXP_50026,agent_mon_tcp_10000,VS_GXP_50026,10.8.9.80:50026,tcp,
10.8.9.79:50026,pool_GXP_50026,agent_mon_tcp_10000,VS_GXP_50026,10.8.9.80:50026,tcp,
10.8.9.78:50042,pool_GXP_50042,agent_mon_tcp_10000,VS_GXP_50042,10.8.9.80:50042,tcp,
10.8.9.79:50042,pool_GXP_50042,agent_mon_tcp_10000,VS_GXP_50042,10.8.9.80:50042,tcp,
10.8.9.78:50048,pool_GXP_50048,agent_mon_tcp_10000,VS_GXP_50048,10.8.9.80:50048,tcp,
10.8.9.79:50048,pool_GXP_50048,agent_mon_tcp_10000,VS_GXP_50048,10.8.9.80:50048,tcp,
10.8.9.78:50052,pool_GXP_50052,agent_mon_tcp_10000,VS_GXP_50052,10.8.9.80:50052,tcp,
10.8.9.79:50052,pool_GXP_50052,agent_mon_tcp_10000,VS_GXP_50052,10.8.9.80:50052,tcp,
10.8.9.78:50055,pool_GXP_50055,agent_mon_tcp_10000,VS_GXP_50055,10.8.9.80:50055,tcp,
10.8.9.79:50055,pool_GXP_50055,agent_mon_tcp_10000,VS_GXP_50055,10.8.9.80:50055,tcp,
10.8.9.78:50060,pool_GXP_50060,agent_mon_tcp_10000,VS_GXP_50060,10.8.9.80:50060,tcp,
10.8.9.79:50060,pool_GXP_50060,agent_mon_tcp_10000,VS_GXP_50060,10.8.9.80:50060,tcp,
10.8.9.78:50067,pool_GXP_50067,agent_mon_tcp_10000,VS_GXP_50067,10.8.9.80:50067,tcp,
10.8.9.79:50067,pool_GXP_50067,agent_mon_tcp_10000,VS_GXP_50067,10.8.9.80:50067,tcp,
10.8.9.78:50068,pool_GXP_50068,agent_mon_tcp_10000,VS_GXP_50068,10.8.9.80:50068,tcp,
10.8.9.79:50068,pool_GXP_50068,agent_mon_tcp_10000,VS_GXP_50068,10.8.9.80:50068,tcp,
10.8.9.78:50072,pool_GXP_50072,agent_mon_tcp_10000,VS_GXP_50072,10.8.9.80:50072,tcp,
10.8.9.79:50072,pool_GXP_50072,agent_mon_tcp_10000,VS_GXP_50072,10.8.9.80:50072,tcp,
10.8.9.78:50074,pool_GXP_50074,agent_mon_tcp_10000,VS_GXP_50074,10.8.9.80:50074,tcp,
10.8.9.79:50074,pool_GXP_50074,agent_mon_tcp_10000,VS_GXP_50074,10.8.9.80:50074,tcp,
10.8.9.78:50108,pool_GXP_50108,tcp,VS_GXP_50108,10.8.9.80:50108,tcp,
10.8.9.79:50108,pool_GXP_50108,tcp,VS_GXP_50108,10.8.9.80:50108,tcp,
10.8.9.78:60012,pool_GXP_60012,agent_mon_tcp_10000,VS_GXP_60012,10.8.9.80:60012,tcp,
10.8.9.79:60012,pool_GXP_60012,agent_mon_tcp_10000,VS_GXP_60012,10.8.9.80:60012,tcp,
10.8.9.78:60013,pool_GXP_60013,tcp,VS_GXP_60013,10.8.9.80:60013,tcp,fasthttp
10.8.9.79:60013,pool_GXP_60013,tcp,VS_GXP_60013,10.8.9.80:60013,tcp,fasthttp
10.8.9.78:60019,pool_GXP_60019,agent_mon_tcp_10000,VS_GXP_60019,10.8.9.80:60019,tcp,
10.8.9.79:60019,pool_GXP_60019,agent_mon_tcp_10000,VS_GXP_60019,10.8.9.80:60019,tcp,
10.8.9.78:60035,pool_GXP_60035,agent_mon_tcp_10000,VS_GXP_60035,10.8.9.80:60035,tcp,
10.8.9.79:60035,pool_GXP_60035,agent_mon_tcp_10000,VS_GXP_60035,10.8.9.80:60035,tcp,
10.8.9.78:60036,pool_GXP_60036,agent_mon_tcp_10000,VS_GXP_60036,10.8.9.80:60036,tcp,
10.8.9.79:60036,pool_GXP_60036,agent_mon_tcp_10000,VS_GXP_60036,10.8.9.80:60036,tcp,
10.8.9.78:60038,pool_GXP_60038,tcp,VS_GXP_60038,10.8.9.80:60038,tcp,
10.8.9.79:60038,pool_GXP_60038,tcp,VS_GXP_60038,10.8.9.80:60038,tcp,
10.8.9.78:60039,pool_GXP_60039,tcp,VS_GXP_60039,10.8.9.80:60039,tcp,
10.8.9.79:60039,pool_GXP_60039,tcp,VS_GXP_60039,10.8.9.80:60039,tcp,
10.8.9.78:60045,pool_GXP_60045,agent_mon_tcp_10000,VS_GXP_60045,10.8.9.80:60045,tcp,
10.8.9.79:60045,pool_GXP_60045,agent_mon_tcp_10000,VS_GXP_60045,10.8.9.80:60045,tcp,
10.8.9.89:any,pool_GXP_CZ,gateway_icmp,VS_GXP_CZ,10.8.9.91:any,tcp,
10.8.9.90:any,pool_GXP_CZ,gateway_icmp,VS_GXP_CZ,10.8.9.91:any,tcp,
10.8.9.89:50000,pool_GXP_CZ_50000,tcp,VS_GXP_CZ_50000,10.8.9.91:50000,tcp,
10.8.9.90:50000,pool_GXP_CZ_50000,tcp,VS_GXP_CZ_50000,10.8.9.91:50000,tcp,
10.8.9.89:50001,pool_GXP_CZ_50001,tcp,VS_GXP_CZ_50001,10.8.9.91:50001,tcp,
10.8.9.90:50001,pool_GXP_CZ_50001,tcp,VS_GXP_CZ_50001,10.8.9.91:50001,tcp,
10.8.9.89:50002,pool_GXP_CZ_50002,tcp,VS_GXP_CZ_50002,10.8.9.91:50002,tcp,
10.8.9.90:50002,pool_GXP_CZ_50002,tcp,VS_GXP_CZ_50002,10.8.9.91:50002,tcp,
10.8.9.89:50003,pool_GXP_CZ_50003,tcp,VS_GXP_CZ_50003,10.8.9.91:50003,tcp,
10.8.9.90:50003,pool_GXP_CZ_50003,tcp,VS_GXP_CZ_50003,10.8.9.91:50003,tcp,
10.8.9.89:50004,pool_GXP_CZ_50004,tcp,VS_GXP_CZ_50004,10.8.9.91:50004,tcp,
10.8.9.90:50004,pool_GXP_CZ_50004,tcp,VS_GXP_CZ_50004,10.8.9.91:50004,tcp,
10.8.9.89:50005,pool_GXP_CZ_50005,tcp,VS_GXP_CZ_50005,10.8.9.91:50005,tcp,
10.8.9.90:50005,pool_GXP_CZ_50005,tcp,VS_GXP_CZ_50005,10.8.9.91:50005,tcp,
10.8.9.89:50006,pool_GXP_CZ_50006,tcp,VS_GXP_CZ_50006,10.8.9.91:50006,tcp,
10.8.9.90:50006,pool_GXP_CZ_50006,tcp,VS_GXP_CZ_50006,10.8.9.91:50006,tcp,
10.8.9.89:50007,pool_GXP_CZ_50007,tcp,VS_GXP_CZ_50007,10.8.9.91:50007,tcp,
10.8.9.90:50007,pool_GXP_CZ_50007,tcp,VS_GXP_CZ_50007,10.8.9.91:50007,tcp,
10.8.9.89:50008,pool_GXP_CZ_50008,tcp,VS_GXP_CZ_50008,10.8.9.91:50008,tcp,
10.8.9.90:50008,pool_GXP_CZ_50008,tcp,VS_GXP_CZ_50008,10.8.9.91:50008,tcp,
10.8.9.89:50009,pool_GXP_CZ_50009,tcp,VS_GXP_CZ_50009,10.8.9.91:50009,tcp,
10.8.9.90:50009,pool_GXP_CZ_50009,tcp,VS_GXP_CZ_50009,10.8.9.91:50009,tcp,
10.8.9.89:50010,pool_GXP_CZ_50010,tcp,VS_GXP_CZ_50010,10.8.9.91:50010,tcp,
10.8.9.90:50010,pool_GXP_CZ_50010,tcp,VS_GXP_CZ_50010,10.8.9.91:50010,tcp,
10.8.9.89:ftp,pool_GXP_CZ_FTP,tcp,VS_GXP_CZ_FTP,10.8.9.91:ftp,tcp,
10.8.9.90:ftp,pool_GXP_CZ_FTP,tcp,VS_GXP_CZ_FTP,10.8.9.91:ftp,tcp,
10.8.9.89:ssh,pool_GXP_CZ_SSH,tcp,VS_GXP_CZ_SSH,10.8.9.91:ssh,tcp,
10.8.9.90:ssh,pool_GXP_CZ_SSH,tcp,VS_GXP_CZ_SSH,10.8.9.91:ssh,tcp,
10.8.9.78:ftp,pool_GXP_FTP,tcp,VS_GXP_FTP,10.8.9.80:ftp,tcp,
10.8.9.79:ftp,pool_GXP_FTP,tcp,VS_GXP_FTP,10.8.9.80:ftp,tcp,
10.8.9.78:pichat,pool_GXP_MQ_9009,tcp,VS_GXP_MQ_9009,10.8.9.80:pichat,tcp,
10.8.9.79:pichat,pool_GXP_MQ_9009,tcp,VS_GXP_MQ_9009,10.8.9.80:pichat,tcp,
10.8.9.78:ssh,pool_GXP_SSH,tcp,VS_GXP_SSH,10.8.9.80:ssh,tcp,
10.8.9.79:ssh,pool_GXP_SSH,tcp,VS_GXP_SSH,10.8.9.80:ssh,tcp,
10.8.9.78:50013,pool_GXP_TIPS_50013,tcp,VS_GXP_TIPS_50013,10.8.9.80:50013,tcp,
10.8.9.79:50013,pool_GXP_TIPS_50013,tcp,VS_GXP_TIPS_50013,10.8.9.80:50013,tcp,
10.8.9.78:50014,pool_GXP_TIPS_50014,tcp,VS_GXP_TIPS_50014,10.8.9.80:50014,tcp,
10.8.9.79:50014,pool_GXP_TIPS_50014,tcp,VS_GXP_TIPS_50014,10.8.9.80:50014,tcp,
10.8.9.78:50015,pool_GXP_TIPS_50015,tcp,VS_GXP_TIPS_50015,10.8.9.80:50015,tcp,
10.8.9.79:50015,pool_GXP_TIPS_50015,tcp,VS_GXP_TIPS_50015,10.8.9.80:50015,tcp,
10.8.9.78:50016,pool_GXP_TIPS_50016,agent_mon_tcp_10000,VS_GXP_TIPS_50016,10.8.9.80:50016,tcp,
10.8.9.79:50016,pool_GXP_TIPS_50016,agent_mon_tcp_10000,VS_GXP_TIPS_50016,10.8.9.80:50016,tcp,
10.8.9.78:50017,pool_GXP_TIPS_50017,tcp,VS_GXP_TIPS_50017,10.8.9.80:50017,tcp,
10.8.9.79:50017,pool_GXP_TIPS_50017,tcp,VS_GXP_TIPS_50017,10.8.9.80:50017,tcp,
10.8.9.78:50018,pool_GXP_TIPS_50018,tcp,VS_GXP_TIPS_50018,10.8.9.80:50018,tcp,
10.8.9.79:50018,pool_GXP_TIPS_50018,tcp,VS_GXP_TIPS_50018,10.8.9.80:50018,tcp,
10.8.9.78:50098,pool_GXP_ZX_50098,agent_mon_tcp_10000,VS_GXP_ZX_50098,10.8.9.80:50098,tcp,
10.8.9.79:50098,pool_GXP_ZX_50098,agent_mon_tcp_10000,VS_GXP_ZX_50098,10.8.9.80:50098,tcp,
10.8.9.78:60006,pool_GXP_ZX_60006,tcp,VS_GXP_ZX_60006,10.8.9.80:60006,tcp,fasthttp
10.8.9.79:60006,pool_GXP_ZX_60006,tcp,VS_GXP_ZX_60006,10.8.9.80:60006,tcp,fasthttp
10.8.9.78:60007,pool_GXP_ZX_60007,tcp,VS_GXP_ZX_60007,10.8.9.80:60007,tcp,
10.8.9.79:60007,pool_GXP_ZX_60007,tcp,VS_GXP_ZX_60007,10.8.9.80:60007,tcp,
10.8.9.78:60008,pool_GXP_ZX_60008,tcp,VS_GXP_ZX_60008,10.8.9.80:60008,tcp,
10.8.9.79:60008,pool_GXP_ZX_60008,tcp,VS_GXP_ZX_60008,10.8.9.80:60008,tcp,
10.8.9.78:60009,pool_GXP_ZX_60009,tcp,VS_GXP_ZX_60009,10.8.9.80:60009,tcp,
10.8.9.79:60009,pool_GXP_ZX_60009,tcp,VS_GXP_ZX_60009,10.8.9.80:60009,tcp,
10.8.9.78:60010,pool_GXP_ZX_60010,tcp,VS_GXP_ZX_60010,10.8.9.80:60010,tcp,
10.8.9.79:60010,pool_GXP_ZX_60010,tcp,VS_GXP_ZX_60010,10.8.9.80:60010,tcp,
10.8.9.78:60040,pool_GXP_ZX_60040,agent_mon_tcp_10000,VS_GXP_ZX_60040,10.8.9.80:60040,tcp,
10.8.9.79:60040,pool_GXP_ZX_60040,agent_mon_tcp_10000,VS_GXP_ZX_60040,10.8.9.80:60040,tcp,
10.8.9.78:60043,pool_GXP_ZX_60043,agent_mon_tcp_10000,VS_GXP_ZX_60043,10.8.9.80:60043,tcp,
10.8.9.79:60043,pool_GXP_ZX_60043,agent_mon_tcp_10000,VS_GXP_ZX_60043,10.8.9.80:60043,tcp,
10.8.9.159:8886,pool_WCD_8886,tcp,vs_WCD_8886,10.8.9.161:8886,tcp,
10.8.9.160:8886,pool_WCD_8886,tcp,vs_WCD_8886,10.8.9.161:8886,tcp,
10.8.5.71:50012,pool_WL_svs_50012,tcp,vs_wl_svs_50012,10.8.5.73:50012,tcp,
10.8.5.72:50012,pool_WL_svs_50012,tcp,vs_wl_svs_50012,10.8.5.73:50012,tcp,
10.8.5.43:8099,pool_icpapp_8099,ICP_TCP_8098,vs_icpapp_8099,10.8.5.19:8099,tcp,fastL4
10.8.5.44:8099,pool_icpapp_8099,ICP_TCP_8098,vs_icpapp_8099,10.8.5.19:8099,tcp,fastL4
10.8.9.144:webcache,pool_mimis_app,tcp,VS_Mimis_app_8080,10.8.9.146:webcache,tcp,
10.8.9.145:webcache,pool_mimis_app,tcp,VS_Mimis_app_8080,10.8.9.146:webcache,tcp,
10.8.5.74:https,pool_wl_ssl_443,tcp,VS_wl_ssl_443,10.8.5.76:https,tcp,
10.8.5.75:https,pool_wl_ssl_443,tcp,VS_wl_ssl_443,10.8.5.76:https,tcp,
10.8.5.74:5444,pool_wl_ssl_5444,tcp,VS_wl_ssl_5444,10.8.5.76:5444,tcp,
10.8.5.75:5444,pool_wl_ssl_5444,tcp,VS_wl_ssl_5444,10.8.5.76:5444,tcp,
10.8.5.74:6444,pool_wl_ssl_6444,tcp,VS_wl_ssl_6444,10.8.5.76:6444,tcp,
10.8.5.75:6444,pool_wl_ssl_6444,tcp,VS_wl_ssl_6444,10.8.5.76:6444,tcp,
10.8.9.78:50106,pool_zxgxp_50106,agent_mon_tcp_10000,vs_zxgxp_50106,10.8.9.80:50106,tcp,
10.8.9.79:50106,pool_zxgxp_50106,agent_mon_tcp_10000,vs_zxgxp_50106,10.8.9.80:50106,tcp,
10.8.10.152:macromedia-fcs,pool_zxkf_yy_1935,tcp,vs_zxkf_1935,10.8.10.154:macromedia-fcs,tcp,
10.8.10.153:macromedia-fcs,pool_zxkf_yy_1935,tcp,vs_zxkf_1935,10.8.10.154:macromedia-fcs,tcp,
10.8.10.152:jetcmeserver,pool_zxkf_yy_1936,tcp,vs_zxkf_1936,10.8.10.154:jetcmeserver,tcp,
10.8.10.153:jetcmeserver,pool_zxkf_yy_1936,tcp,vs_zxkf_1936,10.8.10.154:jetcmeserver,tcp,
10.8.10.152:8992,pool_zxkf_yy_8992,tcp,vs_zxkf_8992,10.8.10.154:8992,tcp,
10.8.10.153:8992,pool_zxkf_yy_8992,tcp,vs_zxkf_8992,10.8.10.154:8992,tcp,
10.8.10.152:9081,pool_zxkf_yy_9081,tcp,vs_zxkf_9081,10.8.10.154:9081,tcp,{
10.8.10.153:9081,pool_zxkf_yy_9081,tcp,vs_zxkf_9081,10.8.10.154:9081,tcp,{
10.8.10.152:9082,pool_zxkf_yy_9082,tcp,vs_zxkf_9082,10.8.10.154:9082,tcp,
10.8.10.153:9082,pool_zxkf_yy_9082,tcp,vs_zxkf_9082,10.8.10.154:9082,tcp,
10.8.10.152:9083,pool_zxkf_yy_9083,tcp,vs_zxkf_9083,10.8.10.154:9083,tcp,
10.8.10.153:9083,pool_zxkf_yy_9083,tcp,vs_zxkf_9083,10.8.10.154:9083,tcp,
10.8.10.152:9084,pool_zxkf_yy_9084,tcp,vs_zxkf_9084,10.8.10.154:9084,tcp,
10.8.10.153:9084,pool_zxkf_yy_9084,tcp,vs_zxkf_9084,10.8.10.154:9084,tcp,
